Keira,137448
Astaroth,136592
Lilith,135576
Chabba,134390
Astridandlucas,134234
Yasmine,132516
Aurora,131686
Dante,131561
Galahad,131459
Sebastian,131182
Tristan,129839
Corvus,129696
Faceless,129370
Celeste,129252
Karkh,129124
Alvanor,129000
Martha,128614
Andvari,128476
Lars,128040
Artemis,126761
Jhu,126035
Xesha,125314
Iris,125195
Jorgen,125003
Nebula,124986
Satori,124951
Phobos,124483
Fafnir,124442
Daredevil,124404
Judge,124376
Jet,124190
Dorian,124142
Ziri,124115
Cleaver,123994
Heidi,123423
Cornelius,123153
Lian,122164
Krista,121855
Morrigan,121429
Orion,118097
Ginger,114607
Mushy,112575
Julius,112260
Darkstar,112176
Amira,112118
Helios,111793
Elmir,111772
Luther,111678
Mojo,111613
Cascade,111085
Peppy,110948
Isaac,106904
Rufus,105818
Arachne,105753
Fox,104920
Thea,103783
Qingmao,103509
Octavia,102045
Kayla,101595
Markus,100848
Ishmael,100707
Kai,99703
Maya,99352
Aidan,96576
Oya,92396
Sigurd,151473
Angus,149815
Nova,143799
Hyperion,142721
Eden,141775
Moloch,141229
Araji,137068
Solaris,135008
Mort,134085
Brustar,133887
Keros,133856
Amon,131925
Iyari,131773
Avalon,85355
Mairi,84910
Ignis,84794
Vulcan,84748
Sylva,84615